name	pool	seq	size	%gc	tm (use 65)
SARSCoV2120_1_LEFT	nCoV-2019_1	GCTTAGTGCACTCACGCAGT	20	55	60.96
SARSCoV2120_1_RIGHT	nCoV-2019_1	ACCGAGCAGCTTCTTCCAAA	20	50	59.91
SARSCoV2120_2_LEFT	nCoV-2019_2	AACCACTTACCCGGGTCAGG	20	60	61.5
SARSCoV2120_2_RIGHT	nCoV-2019_2	ACTGCAGCAATCAATGGGCA	20	50	60.92
SARSCoV2120_3_LEFT	nCoV-2019_1	CATGACACCCCGTGACCTTG	20	60	60.97
SARSCoV2120_3_RIGHT	nCoV-2019_1	TGTAGACGTACTGTGGCAGC	20	55	59.77
SARSCoV2120_4_LEFT	nCoV-2019_2	AGGGCCAATTCTGCTGTCAA	20	50	59.9
SARSCoV2120_4_RIGHT	nCoV-2019_2	ATCAACAGCGGCATGAGAGC	20	55	61.11
SARSCoV2120_5_LEFT	nCoV-2019_1	ACGTGAAGTGCTGTCTGACAG	21	52.38	60.64
SARSCoV2120_5_RIGHT	nCoV-2019_1	TTCGCGTGGTTTGCCAAGAT	20	50	61.19
SARSCoV2120_6_LEFT	nCoV-2019_2	CTACGGGTACGCTGCTTGTC	20	60	60.82
SARSCoV2120_6_RIGHT	nCoV-2019_2	GTATCGTTGCAGTAGCGCGA	20	55	60.88
SARSCoV2120_7_LEFT	nCoV-2019_1	GAAATTGACCGCCTCAATGAGG	22	50	60.08
SARSCoV2120_7_RIGHT	nCoV-2019_1	CCCATCTGCCTTGTGTGGTC	20	60	60.98